full_name|company_name|phone_number|email_address
Theodore Callahan|Cras PC|(016977) 3968|non@ultricies.co.uk
Marshall Gardner|Laoreet PC|0370 139 1966|magna.Sed@sed.com
Dante Montgomery|Nec Limited|07625 550897|tincidunt.vehicula.risus@egetvenenatis.edu
Justin Cleveland|Velit Institute|(0117) 851 8961|Nunc.ut.erat@volutpatNulladignissim.edu
Craig Dejesus|Fringilla Inc.|(014798) 23313|diam.luctus@Inatpede.net
Kato French|Suspendisse Eleifend Cras Associates|0845 46 48|nibh.Donec.est@Nuncsedorci.edu
Ferris Bird|Ridiculus Limited|055 3114 5659|neque@metussit.com
Jordan Owens|Aliquam Erat Volutpat Corporation|0310 435 5496|Mauris.vestibulum.neque@adipiscing.edu
Lucas Vang|Luctus Felis Industries|(010380) 61095|libero.mauris.aliquam@nec.edu
Alec Hendricks|Lectus Associates|(026) 3049 8838|nonummy.ut.molestie@tempusloremfringilla.org
Craig Mercer|Ullamcorper Incorporated|070 2916 8562|Donec.porttitor@elitsed.ca
Brock Garrett|Bibendum Ullamcorper Corporation|(024) 6117 0793|fermentum@quisaccumsan.ca
Neville Brewer|Dolor LLP|(01638) 63683|Pellentesque.ut.ipsum@euismodin.net
Lester Lara|Aliquet Phasellus Fermentum Institute|0845 46 46|lorem.eget.mollis@vellectus.com
Hedley Leon|Iaculis LLP|(024) 1540 6781|Aliquam.vulputate.ullamcorper@velitin.net
Felix Barry|At LLC|0845 46 43|vulputate@quamdignissim.co.uk
Marvin Guzman|Pede Ac Urna Corp.|(029) 8231 9910|velit.Quisque@nullaDonecnon.com
Garrison Moses|Porttitor Vulputate Foundation|070 9995 9321|Integer.eu.lacus@in.org
Kaseem Hester|Ullamcorper Duis Institute|070 1721 6262|luctus@sedpede.net
Keefe Floyd|Vulputate Nisi Corp.|07624 941820|Nunc.ut.erat@mattisvelitjusto.ca
Brandon Macias|Orci Phasellus Consulting|0836 737 5129|erat.volutpat.Nulla@malesuadaut.ca
Walter Pollard|Leo Morbi Neque Ltd|(0181) 596 5636|Phasellus.nulla@Class.net
Quinlan Thompson|A PC|0834 810 4767|magna.Cras.convallis@Duismienim.org
Buckminster Welch|Dis Foundation|(0121) 648 5810|ligula.Donec@Donecest.org
Fulton Johnston|Lectus Company|0800 035 4911|ultricies.sem.magna@nibh.co.uk
Elmo Hester|Id Nunc Interdum Ltd|0845 46 41|congue.In.scelerisque@montesnasceturridiculus.org
James Russo|Scelerisque Sed Sapien Foundation|0500 007022|lectus.rutrum.urna@magnisdis.edu
Blake Blake|Mi Industries|0345 747 6104|sit.amet.ultricies@Vivamusmolestie.ca
Randall Leon|Fringilla Ornare PC|055 9600 6562|ac.nulla@diam.ca
Jason Galloway|Tincidunt Dui Limited|07786 775326|primis.in.faucibus@placeratvelitQuisque.org
Gil Garner|Donec Dignissim Incorporated|(013538) 39255|dignissim.Maecenas.ornare@ultriciessem.com
Stephen Vargas|Vivamus Sit Inc.|0800 441 4213|dui.Cras.pellentesque@imperdietnon.co.uk
Zane Goodman|Curabitur Egestas Institute|0935 523 0422|Cras.convallis@ut.ca
Travis Dotson|Et Magnis Ltd|0845 46 41|orci@Nuncullamcorpervelit.co.uk
Levi Mccall|Eget Ipsum PC|0500 118015|euismod.ac@Quisque.edu
Wang Klein|Risus At PC|(0121) 005 6670|lectus.pede@amalesuadaid.edu
Wang Rios|Morbi Accumsan Laoreet LLP|(0114) 809 3457|lobortis.Class.aptent@nondui.com
Joshua Larson|Nulla Foundation|0356 348 7702|non@ornaretortorat.net
Zeus Wilcox|Ultrices Vivamus PC|(016977) 9399|consequat.lectus.sit@tempor.org
Len French|Odio Etiam Ligula PC|055 6001 3866|venenatis@nequesedsem.co.uk
Josiah Camacho|Dolor Egestas Rhoncus Foundation|076 9007 3035|dui@Vivamussit.net
Slade Fisher|Libero Lacus Varius LLC|0800 1111|auctor.velit@luctusetultrices.com
Zahir Noel|Feugiat Nec Foundation|076 8395 0900|Fusce.mi.lorem@faucibusorci.net
Raphael May|At Iaculis Quis Corporation|0800 1111|nulla.vulputate.dui@ridiculusmusDonec.org
Bruno Estrada|Eget Massa Corp.|(01337) 78066|magna.Duis@enim.ca
August Dillard|Mi Lorem Consulting|(01705) 532769|fermentum.vel@nasceturridiculus.co.uk
Brennan Wade|Mauris Sagittis Institute|0500 278102|a@Phasellusat.ca
Cadman Gregory|Pede Associates|0800 704690|Aliquam@at.co.uk
Brennan Henderson|Risus Quis LLP|0962 672 8456|Nullam@parturient.edu
Hakeem Mueller|Ultrices Sit Amet Incorporated|07591 630408|Phasellus@placeratvelit.com
Joel Wiley|Sociis Natoque Penatibus Consulting|07252 765658|ac.fermentum.vel@et.org
Grady Robinson|Varius Ultrices Mauris Limited|(026) 4007 6920|ultrices.a.auctor@feugiat.edu
Leo Pickett|Semper Institute|(016977) 6078|enim@nibh.ca
Abraham Macdonald|Iaculis Odio Company|(0117) 288 4522|ridiculus.mus@auguescelerisque.net
