id,name,company,phone_number,email
1,Hiram Fowler,Diam Vel Arcu Company,010-091-6738,a.aliquet@Nulla.net
2,Calvin Duffy,Vulputate Mauris Sagittis Corporation,091-903-8092,rutrum.justo.Praesent@quisarcuvel.org
3,Stephen Hudson,Amet PC,068-656-4814,fringilla@eusemPellentesque.ca
4,Forrest Kent,Non Massa Non LLP,004-388-5006,elit@ametultriciessem.co.uk
5,Baxter Clay,Mauris Sapien Cursus Limited,067-997-5554,Nam@duiFuscealiquam.com
6,Baker Luna,Sollicitudin Limited,061-836-1395,hendrerit.Donec@ultricessit.org
7,Denton Blackburn,Erat Vivamus Company,030-633-0254,auctor.nunc@egestas.com
8,Bruno Nash,Id Ante Nunc LLP,065-694-9378,malesuada.id@aliquetliberoInteger.com
9,Yoshio Skinner,Eget Venenatis Company,091-260-1504,gravida.Aliquam@Donec.com
10,Erich Wells,Integer Aliquam Corp.,014-088-4779,amet.metus.Aliquam@ipsumleo.org
11,Devin Noel,Curabitur Consequat Ltd,003-713-9185,blandit.congue@semperduilectus.co.uk
12,Wyatt Fowler,Ipsum Suspendisse Inc.,015-542-0089,tristique@eutellus.org
13,Levi Green,Nulla At Sem Institute,056-884-2553,tortor@orciconsectetuer.edu
14,Roth Houston,Non Egestas Corporation,013-600-8831,amet.massa@parturient.ca
15,Timon Dillon,Proin Non Massa PC,060-311-4187,Lorem.ipsum@pedemalesuadavel.ca
16,Hop Talley,Nulla Cras LLC,058-576-8378,lectus@iaculis.edu
17,Arthur Torres,Fringilla Consulting,034-891-8625,neque@nec.net
18,Damon Jones,Cursus Inc.,015-540-1761,sed.tortor@diamProin.ca
19,Murphy Kramer,Cras Sed PC,041-768-4057,blandit.enim@placerat.com
20,Justin Gaines,Aliquam Nec Enim LLP,077-038-0197,ac.metus@estarcuac.net